{
  "client_settings": {
    "color_settings": {
      "moon_texture_color": "000000",
      "sky_light_color": "262626"
    },
    "moon_size": 20.0,
    "moon_texture_location": "minecraft:textures/environment/moon_phases.png"
  },
  "dimension_chances": {
    "minecraft:overworld": {
      "chance": 0.1,
      "min_number_of_nights_between": 15,
      "valid_moon_phases": [
        0,
        1,
        2,
        6,
        7
      ]
    }
  },
  "drops": {
    "drop_enhancer": {}
  },
  "mob_settings": {
    "blocks_sleeping": {
      "type": "corgilib:any"
    },
    "lunar_spawn_settings": {
      "force_surface_spawning": true,
      "mob_spawn_settings": {
        "spawn_costs": {},
        "spawners": {
          "ambient": [],
          "axolotls": [],
          "creature": [],
          "misc": [],
          "monster": [
      {
        "type": "minecraft:skeleton",
        "weight": 30,
        "minCount": 3,
        "maxCount": 7
      },
      {
        "type": "minecraft:zombie",
        "weight": 30,
        "minCount": 3,
        "maxCount": 8
      }
    ],
          "underground_water_creature": [],
          "water_ambient": [],
          "water_creature": []
        }
      },
      "slimes_spawn_everywhere": false,
      "use_biome_spawn_settings": true
    },
    "mob_effects": [],
    "spawn_category_multiplier": {
      "monster": 2.25
    }
  },
  "text_components": {
    "end_notification": {
      "type": "CHAT",
      "component": {
        "key": "enhancedcelestials.notification.lunar_eclipse.set"
      }
    },
    "name": {
      "key": "enhancedcelestials.name.lunar_eclipse",
      "style": {
        "color": "737373"
      }
    },
    "start_notification": {
      "type": "CHAT",
      "component": {
        "key": "enhancedcelestials.notification.lunar_eclipse.rise",
        "style": {
          "color": "737373"
        }
      }
    }
  }
}