{
  "client_settings": {
    "color_settings": {
      "moon_texture_color": "ff4000",
      "sky_light_color": "ff4000"
    },
    "moon_size": 80.0,
    "moon_texture_location": "minecraft:textures/environment/moon_phases.png",
    "sound_track": {
      "sound_id": "enhancedcelestials:blood_moon"
    }
  },
  "dimension_chances": {
    "minecraft:overworld": {
      "chance": 0.0,
      "min_number_of_nights_between": 1,
      "valid_moon_phases": [
        0
      ]
    }
  },
  "drops": {
    "drop_enhancer": {}
  },
  "mob_settings": {
    "blocks_sleeping": {
      "type": "corgilib:any"
    },
    "lunar_spawn_settings": {
      "force_surface_spawning": true,
      "mob_spawn_settings": {
        "spawn_costs": {},
        "spawners": {
          "ambient": [],
          "axolotls": [],
          "creature": [],
          "misc": [],
          "monster": [
            {
              "type": "minecraft:skeleton",
              "weight": 100,
              "minCount": 5,
              "maxCount": 7
            },
            {
              "type": "minecraft:zombie",
              "weight": 100,
              "minCount": 3,
              "maxCount": 8
            }
          ],
          "underground_water_creature": [],
          "water_ambient": [],
          "water_creature": []
        }
      },
      "slimes_spawn_everywhere": false,
      "use_biome_spawn_settings": true
    },
		"mob_effects": [
			{
				"filter": {
    "id": "minecraft:zombie",
    "type": "corgilib:is_type"
		},
				"mob_effect": {
					"ambient": true,
					"amplifier": 0,
					"duration_in_ticks": -1,
					"effect": "minecraft:speed",
					"show_icon": false,
					"visible": false
				}
			}
		],
    "spawn_category_multiplier": {
      "monster": 5.0
    }
  },
  "text_components": {
    "end_notification": {
      "type": "CHAT",
      "component": {
        "key": "enhancedcelestials.notification.halloween_moon.set"
      }
    },
    "name": {
      "key": "enhancedcelestials.name.halloween_moon",
      "style": {
        "color": "ff7300"
      }
    },
    "start_notification": {
      "type": "CHAT",
      "component": {
        "key": "enhancedcelestials.notification.halloween_moon.rise",
        "style": {
          "bold": true,
          "color": "ff7300"
        }
      }
    }
  }
}